                  epoch,           train/box_om,           train/cls_om,           train/dfl_om,           train/box_oo,           train/cls_oo,           train/dfl_oo,   metrics/precision(B),      metrics/recall(B),       metrics/mAP50(B),    metrics/mAP50-95(B),             val/box_om,             val/cls_om,             val/dfl_om,             val/box_oo,             val/cls_oo,             val/dfl_oo,                 lr/pg0,                 lr/pg1,                 lr/pg2
                      1,                 1.2222,                 1.5591,                 1.0974,                 1.3237,                 3.4657,                 1.1184,                 0.6372,                0.69605,                0.70349,                0.44922,                 1.2214,                0.73498,                 1.1494,                 1.2834,                0.77254,                 1.1886,               0.003318,               0.003318,               0.003318
                      2,                 1.1454,                0.76871,                 1.0828,                 1.2652,                0.81461,                 1.1167,                0.76325,                0.74871,                0.76713,                 0.4759,                 1.2169,                0.70505,                 1.1556,                 1.2819,                0.64797,                 1.2102,              0.0066267,              0.0066267,              0.0066267
                      3,                 1.1824,                0.78158,                 1.0966,                 1.3168,                  0.839,                 1.1416,                0.68443,                0.73297,                0.72712,                0.44338,                 1.2949,                0.77113,                  1.183,                 1.3795,                0.72005,                 1.2363,              0.0099109,              0.0099109,              0.0099109
                      4,                 1.2359,                 0.8365,                 1.1218,                 1.3736,                0.88156,                 1.1526,                0.76846,                0.64052,                0.71584,                0.46154,                 1.2456,                0.76765,                 1.1816,                 1.3247,                0.80043,                 1.2114,              0.0098892,              0.0098892,              0.0098892
                      5,                 1.2287,                0.83675,                 1.1274,                 1.3604,                0.90008,                  1.162,                 0.6168,                0.64492,                0.64138,                0.39002,                 1.3009,                0.81313,                 1.2165,                 1.3699,                0.76597,                 1.2455,              0.0098892,              0.0098892,              0.0098892
                      6,                 1.2213,                0.84327,                 1.1315,                 1.3586,                0.89569,                 1.1761,                0.73156,                0.71427,                0.74543,                0.45987,                  1.209,                0.78117,                 1.1816,                 1.2986,                0.77983,                 1.2308,              0.0098522,              0.0098522,              0.0098522
                      7,                 1.2284,                0.84769,                 1.1307,                 1.3592,                0.91299,                 1.1726,                0.74775,                0.65407,                 0.7248,                0.47385,                 1.2164,                0.75383,                 1.1735,                  1.277,                0.74752,                 1.1912,              0.0098153,              0.0098153,              0.0098153
                      8,                 1.2077,                0.82325,                 1.1141,                 1.3415,                0.89378,                 1.1583,                0.69814,                 0.7011,                 0.6948,                0.44438,                 1.2482,                0.76525,                 1.2007,                 1.3187,                0.76828,                 1.2251,              0.0097784,              0.0097784,              0.0097784
                      9,                 1.2065,                0.81244,                 1.1124,                 1.3442,                0.86999,                 1.1576,                0.68221,                0.69795,                0.73075,                0.45742,                 1.2521,                0.74388,                 1.1839,                 1.3327,                0.73454,                 1.2245,              0.0097414,              0.0097414,              0.0097414
                     10,                 1.2197,                0.82771,                 1.1214,                 1.3592,                0.87945,                 1.1593,                0.72711,                 0.7161,                0.73812,                 0.4689,                  1.264,                 0.7334,                 1.1747,                 1.3091,                0.68804,                 1.1971,              0.0097045,              0.0097045,              0.0097045
                     11,                 1.2037,                0.81694,                 1.1147,                 1.3319,                0.86216,                 1.1528,                0.70734,                0.68501,                0.72277,                 0.4581,                 1.2425,                0.73139,                 1.1748,                 1.3014,                 0.7516,                 1.2178,              0.0096675,              0.0096675,              0.0096675
                     12,                 1.1892,                0.79714,                 1.1054,                 1.3323,                0.84468,                 1.1471,                0.67023,                0.71409,                0.72691,                0.45828,                 1.2717,                0.75512,                 1.2122,                 1.3219,                0.76003,                 1.2052,              0.0096306,              0.0096306,              0.0096306
                     13,                  1.188,                0.79053,                 1.1139,                 1.3222,                0.83022,                 1.1454,                0.74205,                0.69196,                0.74193,                0.46906,                 1.2098,                0.70192,                 1.1708,                 1.2483,                0.68637,                  1.186,              0.0095937,              0.0095937,              0.0095937
                     14,                 1.2011,                0.80177,                 1.1077,                 1.3431,                0.84349,                 1.1469,                0.74111,                0.70774,                0.76734,                0.48188,                 1.2113,                0.72448,                 1.1809,                 1.2789,                0.68813,                 1.2188,              0.0095567,              0.0095567,              0.0095567
                     15,                 1.1748,                0.77349,                 1.0996,                 1.3108,                0.80949,                 1.1352,                0.75281,                0.72117,                0.77556,                0.48706,                 1.1985,                0.68533,                 1.1628,                 1.2559,                 0.6595,                 1.1827,              0.0095198,              0.0095198,              0.0095198
                     16,                 1.1811,                0.78728,                 1.1013,                 1.3203,                0.83493,                 1.1416,                0.69413,                0.73257,                0.76989,                0.45835,                 1.2583,                0.71502,                 1.1819,                 1.3482,                0.69704,                 1.2246,              0.0094828,              0.0094828,              0.0094828
                     17,                 1.1703,                0.75947,                 1.0981,                 1.3142,                0.78727,                 1.1347,                0.79841,                0.76613,                0.82511,                0.48613,                 1.2345,                 0.6821,                 1.1991,                 1.3417,                0.61728,                 1.2506,              0.0094459,              0.0094459,              0.0094459
                     18,                 1.1729,                0.77042,                  1.102,                 1.3063,                0.79101,                  1.144,                0.75614,                0.76993,                0.77484,                0.48457,                  1.231,                0.69558,                 1.1747,                 1.3038,                0.60731,                 1.2081,               0.009409,               0.009409,               0.009409
                     19,                 1.1644,                0.75509,                 1.0969,                  1.302,                 0.7701,                 1.1358,                0.84012,                0.75857,                 0.8445,                0.52023,                 1.2038,                0.66535,                 1.1786,                 1.2956,                0.60503,                 1.2284,               0.009372,               0.009372,               0.009372
                     20,                 1.1545,                0.76086,                 1.0795,                 1.2942,                0.77921,                   1.12,                0.74256,                0.76423,                0.79911,                0.51364,                 1.2166,                0.67657,                 1.1699,                 1.3127,                 0.6265,                  1.207,              0.0093351,              0.0093351,              0.0093351
                     21,                 1.1383,                0.73452,                 1.0879,                 1.2867,                0.75797,                 1.1158,                0.75437,                0.68428,                0.74385,                0.47135,                 1.2196,                0.67716,                 1.1759,                 1.2798,                0.63543,                 1.1959,              0.0092981,              0.0092981,              0.0092981
                     22,                 1.1541,                0.73531,                 1.0972,                 1.2847,                0.76348,                 1.1318,                0.92391,                0.72132,                 0.8491,                0.49626,                 1.2095,                0.66466,                 1.1554,                 1.3257,                0.63799,                 1.2021,              0.0092612,              0.0092612,              0.0092612
                     23,                 1.1478,                0.73596,                 1.0888,                 1.2869,                0.77027,                 1.1266,                0.80895,                0.74385,                0.82179,                0.50353,                 1.2107,                 0.6851,                 1.1614,                 1.3047,                0.65536,                 1.1983,              0.0092243,              0.0092243,              0.0092243
                     24,                 1.1393,                 0.7264,                 1.0961,                 1.2717,                0.76106,                 1.1266,                0.71742,                0.78212,                0.79981,                0.50772,                 1.2038,                0.69696,                 1.1763,                 1.2706,                 0.6754,                 1.1874,              0.0091873,              0.0091873,              0.0091873
                     25,                   1.13,                0.71926,                 1.0743,                 1.2624,                0.74121,                 1.1097,                0.86171,                0.67842,                0.80936,                0.50473,                 1.2212,                 0.6933,                 1.1637,                 1.2727,                0.64445,                 1.1803,              0.0091504,              0.0091504,              0.0091504
                     26,                 1.1284,                0.71705,                 1.0814,                 1.2615,                0.73754,                 1.1134,                0.71229,                0.78767,                0.76913,                0.47414,                 1.2036,                0.65936,                 1.1699,                  1.286,                0.66546,                 1.1732,              0.0091134,              0.0091134,              0.0091134
                     27,                 1.1364,                0.71181,                 1.0784,                  1.258,                0.71894,                 1.1091,                0.83073,                0.72537,                 0.7855,                0.47877,                 1.2357,                0.66588,                 1.1751,                 1.2899,                0.64393,                 1.1847,              0.0090765,              0.0090765,              0.0090765
                     28,                 1.1186,                0.69359,                 1.0745,                  1.251,                0.71526,                 1.1042,                 0.9003,                0.76435,                0.83645,                0.53856,                 1.1822,                0.63883,                 1.1494,                 1.2398,                0.62388,                 1.1514,              0.0090396,              0.0090396,              0.0090396
                     29,                 1.1158,                0.69556,                 1.0787,                 1.2408,                0.72899,                 1.1089,                0.81513,                 0.7838,                0.83549,                0.52493,                 1.2096,                 0.6471,                 1.1645,                 1.2859,                0.62206,                 1.1813,              0.0090026,              0.0090026,              0.0090026
                     30,                 1.1077,                0.69072,                 1.0703,                 1.2362,                0.71269,                 1.1021,                 0.8641,                0.81826,                0.85289,                0.54248,                 1.1986,                0.61944,                 1.1659,                 1.2641,                0.58507,                 1.1776,              0.0089657,              0.0089657,              0.0089657
                     31,                 1.1057,                  0.689,                  1.065,                 1.2381,                0.70917,                 1.1061,                0.80516,                0.73948,                0.79212,                0.51045,                 1.1956,                  0.655,                 1.1553,                 1.2388,                 0.6344,                 1.1743,              0.0089287,              0.0089287,              0.0089287
                     32,                 1.0995,                0.68586,                 1.0583,                 1.2242,                 0.6956,                 1.0934,                0.74902,                0.80189,                0.81147,                0.50244,                 1.1938,                0.65202,                 1.1611,                 1.2589,                0.60642,                 1.1913,              0.0088918,              0.0088918,              0.0088918
                     33,                 1.1328,                0.69606,                 1.0691,                 1.2592,                0.70037,                   1.11,                0.86728,                0.78846,                0.87604,                0.54042,                 1.2068,                0.64752,                 1.1586,                 1.2663,                0.62194,                 1.1753,              0.0088549,              0.0088549,              0.0088549
                     34,                  1.105,                0.69496,                  1.074,                 1.2275,                0.71569,                 1.1033,                0.84698,                0.78525,                0.86129,                0.55315,                 1.1805,                0.63802,                 1.1739,                 1.2607,                0.58775,                 1.1932,              0.0088179,              0.0088179,              0.0088179
                     35,                 1.0974,                0.67715,                 1.0645,                 1.2204,                0.68928,                  1.098,                0.79277,                0.73899,                0.78653,                0.51104,                 1.1946,                0.62749,                 1.1552,                 1.2669,                  0.579,                 1.1871,               0.008781,               0.008781,               0.008781
                     36,                 1.0982,                0.68546,                 1.0698,                 1.2198,                0.68818,                 1.1018,                0.78891,                0.76771,                0.82406,                0.51737,                 1.1808,                0.63239,                 1.1857,                 1.2402,                0.60927,                 1.1911,               0.008744,               0.008744,               0.008744
                     37,                 1.1199,                0.69664,                 1.0752,                 1.2387,                0.70639,                 1.1077,                0.86039,                0.74841,                 0.8421,                0.54445,                 1.1841,                0.64778,                 1.1691,                 1.2277,                0.64608,                 1.1733,              0.0087071,              0.0087071,              0.0087071
                     38,                 1.0945,                  0.684,                 1.0669,                  1.213,                0.70271,                 1.0943,                0.79209,                0.78368,                0.80458,                0.51621,                 1.1703,                0.62434,                 1.1463,                 1.2431,                  0.584,                  1.179,              0.0086701,              0.0086701,              0.0086701
                     39,                 1.1116,                0.69072,                 1.0678,                 1.2315,                0.70466,                 1.1034,                0.83043,                0.79832,                0.84425,                0.53287,                 1.1868,                 0.6166,                 1.1446,                 1.2476,                0.60239,                 1.1751,              0.0086332,              0.0086332,              0.0086332
                     40,                  1.092,                0.67761,                 1.0645,                 1.2104,                0.69224,                 1.0905,                0.84126,                0.78952,                0.85223,                 0.5521,                 1.1664,                0.61558,                  1.149,                 1.2203,                0.56162,                 1.1673,              0.0085963,              0.0085963,              0.0085963
                     41,                 1.0797,                0.66769,                 1.0589,                 1.1922,                 0.6779,                 1.0886,                0.76617,                0.81284,                0.81881,                 0.5293,                 1.1686,                 0.6273,                 1.1372,                 1.2371,                0.58604,                 1.1631,              0.0085593,              0.0085593,              0.0085593
                     42,                 1.0882,                 0.6749,                 1.0561,                 1.2103,                0.68075,                 1.0823,                0.86115,                0.76265,                0.82523,                0.52921,                 1.1955,                0.63218,                 1.1622,                 1.2383,                0.60406,                 1.1841,              0.0085224,              0.0085224,              0.0085224
                     43,                 1.0985,                 0.6731,                 1.0548,                 1.2178,                0.67167,                 1.0818,                0.80242,                0.75777,                0.78322,                0.50312,                 1.1635,                0.60809,                 1.1657,                 1.2419,                0.58503,                 1.1856,              0.0084854,              0.0084854,              0.0084854
                     44,                 1.0818,                0.66595,                 1.0564,                 1.1992,                0.67356,                 1.0828,                0.89392,                0.77592,                0.85059,                0.54558,                 1.1779,                0.61297,                 1.1494,                 1.2308,                0.59588,                 1.1702,              0.0084485,              0.0084485,              0.0084485
                     45,                 1.0815,                0.64823,                 1.0561,                 1.1988,                0.64983,                 1.0819,                0.90977,                0.73394,                0.85947,                 0.5504,                 1.1828,                0.61349,                  1.165,                 1.2344,                0.55973,                 1.1581,              0.0084116,              0.0084116,              0.0084116
                     46,                 1.0744,                0.64753,                 1.0579,                 1.1935,                0.65276,                  1.089,                0.73698,                0.81126,                0.81119,                 0.5242,                 1.1813,                0.62243,                 1.1512,                 1.2214,                0.57011,                 1.1683,              0.0083746,              0.0083746,              0.0083746
                     47,                 1.0703,                0.64653,                 1.0563,                 1.1903,                0.64977,                 1.0902,                0.86764,                0.73204,                0.82348,                0.53627,                 1.1687,                0.59117,                 1.1529,                 1.2054,                0.54933,                 1.1612,              0.0083377,              0.0083377,              0.0083377
                     48,                 1.0779,                0.65016,                 1.0541,                  1.197,                0.65467,                 1.0818,                0.86381,                0.84149,                 0.8911,                0.58569,                 1.1322,                0.56545,                 1.1273,                 1.1957,                0.52037,                 1.1526,              0.0083007,              0.0083007,              0.0083007
                     49,                 1.0765,                0.64188,                 1.0624,                 1.1882,                0.64208,                 1.0868,                0.77866,                 0.8123,                0.84772,                 0.5329,                 1.1904,                0.61396,                 1.1559,                 1.2444,                0.59737,                 1.1784,              0.0082638,              0.0082638,              0.0082638
                     50,                 1.0769,                0.65327,                 1.0525,                  1.188,                0.65542,                 1.0892,                0.85128,                0.79201,                0.87296,                0.55131,                 1.1678,                0.57363,                   1.15,                 1.2474,                0.55155,                 1.1857,              0.0082269,              0.0082269,              0.0082269
                     51,                 1.0573,                0.65109,                 1.0473,                 1.1673,                0.66126,                 1.0838,                0.92608,                0.81767,                0.87952,                0.56372,                 1.1655,                0.57654,                 1.1441,                 1.2093,                0.55048,                 1.1719,              0.0081899,              0.0081899,              0.0081899
                     52,                 1.0539,                0.62964,                 1.0477,                 1.1669,                0.63215,                 1.0854,                0.83511,                 0.8391,                0.87654,                0.58107,                  1.184,                0.59395,                 1.1445,                 1.2267,                 0.5806,                  1.174,               0.008153,               0.008153,               0.008153
                     53,                 1.0552,                0.63644,                 1.0433,                 1.1713,                0.63611,                  1.076,                0.88564,                0.76418,                0.86312,                 0.5419,                 1.1714,                0.56837,                 1.1549,                 1.2544,                0.55789,                 1.2023,               0.008116,               0.008116,               0.008116
                     54,                 1.0613,                   0.64,                 1.0472,                 1.1743,                0.64197,                 1.0846,                0.90782,                0.81869,                0.87633,                0.55219,                 1.1543,                0.57233,                 1.1419,                 1.2056,                0.58027,                 1.1691,              0.0080791,              0.0080791,              0.0080791
                     55,                 1.0644,                 0.6321,                 1.0527,                 1.1833,                0.65761,                  1.086,                0.92347,                0.74226,                0.87108,                0.56588,                 1.1452,                0.58914,                 1.1544,                 1.1902,                0.56645,                 1.1745,              0.0080422,              0.0080422,              0.0080422
                     56,                 1.0371,                0.61995,                 1.0349,                 1.1481,                0.62641,                 1.0643,                0.84655,                0.83905,                0.88884,                0.55726,                 1.1612,                0.57382,                 1.1596,                 1.2176,                 0.5353,                 1.1739,              0.0080052,              0.0080052,              0.0080052
                     57,                 1.0449,                0.63215,                 1.0479,                 1.1604,                0.63262,                 1.0786,                0.88854,                0.79707,                0.89237,                0.53648,                 1.1495,                0.57576,                  1.156,                 1.2154,                0.55337,                 1.1512,              0.0079683,              0.0079683,              0.0079683
                     58,                 1.0473,                0.62881,                 1.0365,                 1.1611,                0.61598,                 1.0639,                0.85707,                0.82768,                0.88683,                0.56658,                 1.1611,                0.57024,                 1.1559,                 1.2051,                0.53344,                 1.1685,              0.0079313,              0.0079313,              0.0079313
                     59,                 1.0308,                0.61025,                 1.0404,                 1.1353,                0.59584,                 1.0672,                0.88409,                0.82418,                0.87377,                0.55916,                 1.1507,                0.56235,                 1.1587,                 1.2196,                0.52767,                 1.1694,              0.0078944,              0.0078944,              0.0078944
                     60,                 1.0412,                0.62686,                 1.0431,                 1.1511,                0.62224,                 1.0724,                 0.9437,                0.86006,                0.90873,                0.58902,                 1.1435,                0.55653,                 1.1629,                 1.1969,                 0.5419,                 1.1911,              0.0078575,              0.0078575,              0.0078575
                     61,                 1.0312,                0.61518,                 1.0398,                 1.1421,                0.61043,                 1.0698,                0.91312,                0.81371,                0.90309,                0.60046,                 1.1572,                0.55513,                 1.1516,                 1.2076,                0.55517,                 1.1699,              0.0078205,              0.0078205,              0.0078205
                     62,                 1.0354,                 0.6075,                 1.0412,                 1.1531,                0.59525,                  1.067,                0.92521,                0.82199,                0.89049,                0.59557,                 1.1576,                0.55089,                  1.172,                 1.1984,                0.51757,                 1.1793,              0.0077836,              0.0077836,              0.0077836
                     63,                 1.0329,                0.61735,                 1.0409,                 1.1394,                0.59524,                 1.0647,                0.89353,                0.77119,                0.87041,                0.56633,                 1.1415,                0.58022,                 1.1539,                 1.2189,                0.56589,                 1.1641,              0.0077466,              0.0077466,              0.0077466
                     64,                 1.0297,                 0.6026,                  1.036,                 1.1378,                0.59168,                 1.0595,                0.84944,                0.84188,                0.86765,                 0.5602,                 1.1561,                0.56992,                 1.1474,                 1.2218,                0.54583,                 1.1622,              0.0077097,              0.0077097,              0.0077097
                     65,                 1.0323,                0.61544,                 1.0316,                 1.1472,                0.60916,                 1.0591,                 0.9529,                0.80413,                 0.8953,                0.57852,                 1.1444,                0.57484,                 1.1413,                 1.2127,                0.55388,                 1.1544,              0.0076728,              0.0076728,              0.0076728
                     66,                 1.0327,                0.61398,                 1.0416,                 1.1489,                0.59585,                 1.0679,                0.93618,                0.77244,                0.87266,                0.57278,                 1.1055,                0.54832,                 1.1388,                 1.1748,                0.51353,                 1.1482,              0.0076358,              0.0076358,              0.0076358
                     67,                 1.0232,                0.61651,                  1.041,                 1.1377,                0.60052,                 1.0625,                 0.9138,                0.87136,                0.89336,                0.58613,                 1.1546,                0.55884,                 1.1598,                 1.1906,                0.54754,                 1.1602,              0.0075989,              0.0075989,              0.0075989
                     68,                  1.017,                0.60813,                 1.0267,                 1.1243,                0.59564,                 1.0452,                0.88088,                0.82642,                0.87875,                0.58768,                 1.1316,                0.56013,                 1.1443,                 1.1933,                0.53347,                 1.1621,              0.0075619,              0.0075619,              0.0075619
                     69,                 1.0212,                0.60204,                 1.0331,                 1.1265,                 0.5716,                 1.0515,                  0.859,                0.83241,                0.88965,                0.58315,                   1.17,                 0.5733,                 1.1631,                 1.2008,                0.53347,                 1.1567,               0.007525,               0.007525,               0.007525
                     70,                 1.0334,                0.61757,                 1.0454,                 1.1417,                0.62152,                 1.0674,                0.89956,                0.81591,                0.89552,                 0.5803,                  1.175,                0.55203,                 1.1705,                 1.2113,                0.52552,                 1.1755,              0.0074881,              0.0074881,              0.0074881
                     71,                 1.0233,                0.59283,                 1.0294,                 1.1442,                0.58057,                 1.0571,                0.87106,                0.84081,                 0.8719,                0.57304,                 1.1551,                0.56853,                 1.1623,                 1.2052,                0.54903,                 1.1733,              0.0074511,              0.0074511,              0.0074511
                     72,                  1.001,                0.58842,                 1.0253,                 1.1115,                0.57083,                 1.0567,                0.89395,                0.83589,                0.85788,                0.56202,                 1.1476,                0.55834,                 1.1399,                 1.2003,                0.53987,                 1.1585,              0.0074142,              0.0074142,              0.0074142
                     73,                 1.0164,                0.60208,                 1.0281,                 1.1212,                 0.5819,                 1.0542,                0.92885,                0.82295,                0.90372,                 0.5892,                 1.1471,                0.54396,                  1.154,                 1.2156,                0.53108,                 1.1719,              0.0073772,              0.0073772,              0.0073772
                     74,                 1.0032,                0.59293,                 1.0217,                  1.118,                0.58484,                  1.049,                0.88506,                0.85029,                0.89751,                0.57686,                 1.1469,                0.56816,                 1.1583,                  1.217,                0.55115,                 1.1781,              0.0073403,              0.0073403,              0.0073403
                     75,                 1.0095,                0.59332,                 1.0302,                 1.1207,                0.57286,                 1.0531,                0.91136,                0.77314,                0.87086,                 0.5788,                 1.1318,                0.54002,                  1.154,                  1.176,                 0.5247,                 1.1579,              0.0073034,              0.0073034,              0.0073034
                     76,                0.98886,                0.57728,                 1.0171,                 1.0916,                0.56099,                 1.0427,                0.92336,                0.81526,                0.89328,                0.57402,                  1.151,                0.55387,                 1.1641,                 1.1923,                0.54319,                 1.1751,              0.0072664,              0.0072664,              0.0072664
                     77,                 1.0038,                0.58188,                 1.0266,                 1.1036,                0.57014,                 1.0551,                0.91712,                0.78162,                0.89536,                0.58402,                 1.1633,                0.54318,                 1.1653,                 1.2155,                0.51088,                 1.1917,              0.0072295,              0.0072295,              0.0072295
                     78,                0.99503,                0.56962,                   1.02,                  1.105,                0.56294,                 1.0541,                0.90333,                 0.8352,                0.89328,                0.57094,                 1.1503,                0.55514,                 1.1564,                 1.2011,                 0.5417,                 1.1736,              0.0071925,              0.0071925,              0.0071925
                     79,                0.99329,                0.58557,                 1.0194,                 1.1109,                0.58193,                  1.053,                0.92441,                0.77259,                0.86621,                0.58223,                 1.1255,                0.55752,                 1.1516,                 1.1855,                0.53295,                 1.1831,              0.0071556,              0.0071556,              0.0071556
                     80,                0.99741,                0.57456,                 1.0188,                 1.1021,                0.55553,                 1.0483,                0.92252,                0.85199,                0.88512,                0.59884,                 1.1457,                0.55795,                 1.1556,                 1.1865,                0.53431,                 1.1656,              0.0071187,              0.0071187,              0.0071187
                     81,                0.98872,                0.58155,                 1.0191,                  1.093,                0.56937,                 1.0434,                 0.8981,                0.84883,                0.89664,                0.58728,                 1.1393,                0.54154,                 1.1529,                 1.1764,                0.54063,                 1.1588,              0.0070817,              0.0070817,              0.0070817
                     82,                0.97725,                0.56234,                 1.0063,                 1.0709,                0.55152,                 1.0291,                0.89229,                 0.8623,                0.88374,                0.56761,                 1.1453,                0.55379,                 1.1549,                 1.2071,                0.51789,                 1.1718,              0.0070448,              0.0070448,              0.0070448
                     83,                0.99649,                0.56863,                 1.0163,                 1.1068,                0.55537,                 1.0413,                0.92254,                 0.8242,                0.88613,                0.58198,                  1.139,                0.53097,                 1.1534,                 1.1999,                0.50713,                 1.1656,              0.0070078,              0.0070078,              0.0070078
                     84,                0.97676,                0.57713,                 1.0183,                 1.0895,                 0.5693,                 1.0416,                0.80979,                0.84605,                0.87434,                0.57273,                 1.1409,                0.54768,                 1.1702,                 1.1815,                0.53659,                 1.1667,              0.0069709,              0.0069709,              0.0069709
                     85,                0.97616,                0.57303,                 1.0158,                 1.0843,                0.54718,                 1.0368,                0.84958,                 0.8261,                0.86319,                0.57492,                 1.1464,                0.56355,                 1.1682,                 1.1923,                0.54227,                 1.1732,               0.006934,               0.006934,               0.006934
                     86,                0.96114,                0.56603,                 1.0072,                 1.0768,                0.52888,                 1.0353,                0.90419,                0.86195,                0.87785,                0.58843,                 1.1447,                0.54955,                  1.182,                  1.201,                0.49996,                 1.1867,               0.006897,               0.006897,               0.006897
                     87,                0.97429,                0.56422,                 1.0093,                 1.0868,                  0.539,                 1.0352,                0.93093,                0.82975,                0.89406,                0.58905,                  1.135,                0.56535,                 1.1667,                 1.1998,                0.55371,                  1.182,              0.0068601,              0.0068601,              0.0068601
                     88,                0.97279,                0.56623,                 1.0139,                 1.0778,                0.54755,                 1.0414,                 0.9601,                0.82761,                0.90054,                0.59035,                 1.1267,                0.53616,                 1.1633,                 1.1806,                0.52421,                 1.1793,              0.0068231,              0.0068231,              0.0068231
                     89,                0.96067,                0.56786,                 1.0091,                 1.0674,                0.53649,                 1.0311,                0.88292,                0.85425,                0.89514,                0.59741,                 1.1009,                 0.5285,                 1.1427,                 1.1517,                0.48877,                 1.1578,              0.0067862,              0.0067862,              0.0067862
                     90,                0.98459,                0.57019,                 1.0243,                 1.0823,                0.53975,                 1.0481,                0.88988,                0.81855,                0.88763,                0.57787,                  1.133,                0.54104,                 1.1622,                 1.1991,                 0.5321,                 1.1884,              0.0067493,              0.0067493,              0.0067493
                     91,                0.97006,                0.56037,                 1.0072,                 1.0758,                0.53743,                 1.0337,                0.87181,                0.87281,                0.90427,                0.59987,                 1.1256,                0.53408,                 1.1454,                 1.1672,                0.50134,                 1.1587,              0.0067123,              0.0067123,              0.0067123
                     92,                0.95853,                0.55393,                 1.0079,                 1.0623,                 0.5334,                 1.0337,                0.90453,                0.87661,                0.91403,                0.60483,                 1.1355,                0.51812,                 1.1549,                 1.1877,                0.49381,                 1.1685,              0.0066754,              0.0066754,              0.0066754
                     93,                0.95715,                0.54982,                 1.0023,                 1.0504,                0.51359,                 1.0249,                0.90535,                0.83712,                0.89947,                0.58277,                  1.103,                0.52074,                   1.14,                 1.1613,                0.51338,                  1.146,              0.0066384,              0.0066384,              0.0066384
                     94,                0.95632,                0.55752,                 1.0165,                 1.0587,                0.52731,                 1.0331,                0.83236,                0.84471,                0.86702,                0.57777,                 1.1281,                0.55254,                 1.1477,                 1.1846,                0.55881,                 1.1486,              0.0066015,              0.0066015,              0.0066015
                     95,                0.95909,                0.55629,                 1.0125,                   1.06,                0.53926,                 1.0319,                0.93049,                0.84693,                0.90555,                0.58276,                 1.1165,                 0.5217,                 1.1441,                 1.1853,                0.49304,                 1.1592,              0.0065646,              0.0065646,              0.0065646
                     96,                0.95609,                0.55919,                0.99946,                 1.0563,                0.53141,                  1.019,                 0.9398,                0.82958,                0.89394,                0.58001,                 1.1191,                0.54101,                 1.1571,                 1.1638,                0.55858,                  1.177,              0.0065276,              0.0065276,              0.0065276
                     97,                0.94467,                0.54316,                0.99625,                 1.0485,                0.51338,                 1.0223,                0.85471,                0.81822,                0.87326,                0.56385,                  1.142,                0.53064,                 1.1553,                 1.1866,                0.52941,                 1.1693,              0.0064907,              0.0064907,              0.0064907
                     98,                0.95693,                 0.5542,                  1.013,                 1.0663,                 0.5556,                 1.0366,                0.88195,                0.86003,                0.89527,                0.58521,                 1.1285,                0.52367,                 1.1523,                 1.1784,                0.51339,                 1.1673,              0.0064537,              0.0064537,              0.0064537
                     99,                 0.9515,                0.55116,                 1.0054,                 1.0575,                0.51288,                 1.0316,                0.90156,                0.86355,                0.89883,                0.58799,                 1.1219,                0.53609,                 1.1575,                 1.1793,                0.51326,                 1.1798,              0.0064168,              0.0064168,              0.0064168
                    100,                0.95142,                0.54527,                 1.0017,                 1.0513,                0.51214,                 1.0243,                0.89219,                0.85646,                0.90525,                0.58757,                 1.1486,                0.54072,                 1.1716,                 1.2029,                0.51584,                 1.1792,              0.0063799,              0.0063799,              0.0063799
                    101,                0.93513,                0.53979,                0.99997,                 1.0395,                0.52957,                 1.0261,                0.93141,                0.84189,                0.89699,                0.57242,                 1.1134,                0.52738,                 1.1533,                 1.1729,                0.53371,                 1.1734,              0.0063429,              0.0063429,              0.0063429
                    102,                0.93358,                0.53766,                  1.004,                 1.0338,                0.51569,                 1.0304,                0.89702,                0.85103,                0.89729,                0.57811,                 1.1027,                0.52725,                 1.1478,                 1.1798,                0.52945,                 1.1771,               0.006306,               0.006306,               0.006306
                    103,                0.95053,                0.54631,                 1.0088,                 1.0501,                0.52626,                 1.0323,                0.86384,                0.83356,                 0.8799,                0.58444,                 1.1138,                0.53456,                 1.1623,                 1.1591,                0.56311,                 1.1833,               0.006269,               0.006269,               0.006269
                    104,                0.92466,                0.52956,                0.99482,                 1.0304,                0.50628,                 1.0159,                0.91589,                0.85011,                0.90525,                0.58938,                 1.1231,                0.53739,                 1.1646,                 1.1795,                0.53387,                 1.1803,              0.0062321,              0.0062321,              0.0062321
                    105,                0.94428,                0.54049,                 1.0073,                 1.0448,                0.51263,                 1.0306,                0.96073,                0.83294,                0.90173,                 0.5854,                 1.1267,                0.52405,                 1.1663,                 1.1646,                0.53204,                 1.1742,              0.0061951,              0.0061951,              0.0061951
                    106,                0.92674,                0.52746,                 1.0033,                 1.0298,                0.51064,                 1.0264,                0.90844,                0.87553,                0.89936,                0.59911,                 1.1199,                0.53007,                 1.1702,                 1.1578,                0.51958,                 1.1763,              0.0061582,              0.0061582,              0.0061582
                    107,                0.93005,                0.53281,                 1.0033,                  1.034,                0.51533,                 1.0281,                0.95036,                0.85514,                0.90385,                0.60389,                 1.1308,                0.52156,                 1.1781,                 1.1492,                 0.5262,                 1.1774,              0.0061213,              0.0061213,              0.0061213
                    108,                0.93346,                0.53397,                0.99499,                  1.035,                0.51159,                 1.0218,                0.90227,                0.86804,                0.90187,                0.58649,                 1.1385,                0.52347,                 1.1712,                 1.1753,                0.52928,                 1.1926,              0.0060843,              0.0060843,              0.0060843
                    109,                0.92636,                0.53084,                0.99041,                 1.0255,                 0.5172,                 1.0168,                0.91591,                0.88066,                0.90806,                0.58725,                   1.11,                0.51239,                 1.1579,                 1.1414,                0.50385,                 1.1722,              0.0060474,              0.0060474,              0.0060474
                    110,                0.94493,                0.54423,                 1.0061,                  1.043,                0.52582,                 1.0307,                0.95645,                0.84955,                0.90508,                 0.6041,                 1.1139,                0.52757,                 1.1609,                 1.1606,                0.52722,                 1.1872,              0.0060104,              0.0060104,              0.0060104
                    111,                0.92136,                0.52429,                0.99836,                 1.0152,                 0.4963,                 1.0236,                0.94348,                0.85078,                0.90427,                0.59685,                 1.1207,                0.51512,                 1.1589,                 1.1517,                0.51783,                 1.1808,              0.0059735,              0.0059735,              0.0059735
                    112,                0.91635,                0.51372,                 0.9898,                 1.0157,                0.49105,                 1.0166,                0.90905,                0.82814,                0.89813,                0.58435,                 1.1114,                0.53449,                 1.1602,                 1.1545,                0.53962,                 1.1802,              0.0059366,              0.0059366,              0.0059366
                    113,                0.91604,                0.52549,                0.99922,                 1.0045,                 0.5001,                 1.0212,                 0.8942,                0.86145,                0.90735,                0.59279,                  1.111,                0.51835,                 1.1584,                 1.1617,                0.51606,                  1.182,              0.0058996,              0.0058996,              0.0058996
                    114,                0.90793,                0.53404,                0.99116,                0.99664,                 0.4973,                 1.0135,                0.91591,                0.85199,                0.91042,                0.60111,                 1.1087,                0.52805,                 1.1681,                 1.1462,                0.51764,                   1.18,              0.0058627,              0.0058627,              0.0058627
                    115,                0.93015,                 0.5313,                0.99712,                 1.0323,                0.50195,                   1.02,                0.95508,                0.85377,                0.89706,                0.59116,                 1.1076,                0.52992,                 1.1565,                 1.1657,                0.52701,                 1.1712,              0.0058257,              0.0058257,              0.0058257
                    116,                0.90845,                0.52372,                0.98815,                 1.0112,                0.50348,                 1.0129,                0.89098,                 0.8826,                0.91081,                0.58771,                 1.1302,                0.51114,                 1.1685,                  1.181,                0.51678,                 1.1857,              0.0057888,              0.0057888,              0.0057888
                    117,                0.91088,                 0.5171,                0.98576,                 1.0101,                0.49975,                 1.0112,                0.91265,                0.88891,                 0.9004,                0.60068,                 1.1157,                0.51105,                 1.1589,                 1.1656,                0.49616,                 1.1785,              0.0057519,              0.0057519,              0.0057519
                    118,                0.90919,                0.51404,                0.98485,                  1.011,                0.48858,                 1.0111,                 0.9294,                0.86808,                0.90441,                0.59258,                 1.1151,                0.51803,                 1.1675,                 1.1718,                0.51307,                 1.1828,              0.0057149,              0.0057149,              0.0057149
                    119,                 0.9049,                0.51368,                0.98544,                 1.0025,                0.49394,                 1.0082,                0.92599,                0.85514,                 0.8976,                0.59064,                 1.1199,                0.52292,                 1.1749,                 1.1711,                0.49713,                  1.191,               0.005678,               0.005678,               0.005678
                    120,                0.91641,                 0.5279,                0.98958,                 1.0136,                0.50826,                   1.01,                0.90717,                0.86622,                0.90338,                0.61965,                 1.1058,                0.49633,                 1.1717,                  1.141,                 0.5145,                  1.175,               0.005641,               0.005641,               0.005641
                    121,                0.87796,                0.50788,                 0.9786,                0.97715,                0.47136,                0.99686,                0.88433,                0.87929,                0.89767,                 0.5934,                 1.1059,                0.51973,                 1.1737,                 1.1584,                0.50036,                 1.1817,              0.0056041,              0.0056041,              0.0056041
                    122,                0.89397,                0.51789,                0.98343,                0.98724,                0.48348,                 1.0015,                  0.918,                0.87945,                0.91057,                0.59628,                 1.1115,                0.49796,                 1.1753,                 1.1689,                0.47801,                 1.1861,              0.0055672,              0.0055672,              0.0055672
                    123,                0.90622,                0.52719,                0.99256,                  1.003,                0.50104,                 1.0134,                0.93809,                 0.8927,                0.92729,                0.60402,                 1.1067,                0.49603,                  1.167,                 1.1486,                 0.4832,                 1.1712,              0.0055302,              0.0055302,              0.0055302
                    124,                0.89917,                0.52152,                0.98991,                0.99549,                 0.4977,                 1.0099,                0.92447,                 0.8441,                0.90694,                 0.5982,                 1.1058,                0.51036,                 1.1568,                 1.1399,                0.50454,                 1.1685,              0.0054933,              0.0054933,              0.0054933
                    125,                 0.8902,                0.50868,                0.98496,                0.98833,                0.48811,                 1.0046,                0.93576,                0.88092,                0.91494,                 0.6015,                 1.0998,                 0.4973,                 1.1541,                 1.1493,                0.51184,                 1.1635,              0.0054563,              0.0054563,              0.0054563
                    126,                0.89229,                0.51097,                0.98339,                0.98424,                0.49023,                0.99699,                 0.9508,                0.87424,                0.91922,                0.60815,                 1.0964,                0.50178,                  1.147,                 1.1342,                0.50199,                 1.1545,              0.0054194,              0.0054194,              0.0054194
                    127,                0.89209,                0.51253,                0.98265,                 0.9909,                0.49554,                 1.0043,                0.95211,                0.86493,                0.91295,                0.59178,                 1.1156,                0.51219,                 1.1672,                 1.1665,                0.49717,                 1.1856,              0.0053825,              0.0053825,              0.0053825
                    128,                0.88902,                0.50446,                0.99093,                0.97715,                0.46673,                 1.0056,                0.92754,                0.88319,                0.91862,                0.59085,                 1.1155,                0.50755,                  1.175,                 1.1561,                 0.5048,                 1.1756,              0.0053455,              0.0053455,              0.0053455
                    129,                0.89819,                0.50377,                0.98172,                0.98214,                0.46743,                0.99725,                0.93311,                0.83744,                0.90558,                0.59015,                 1.1023,                 0.5351,                 1.1628,                  1.146,                0.53079,                 1.1746,              0.0053086,              0.0053086,              0.0053086
                    130,                 0.8768,                  0.504,                0.97278,                0.97416,                0.47687,                0.98992,                0.93916,                0.85546,                0.91139,                0.60746,                 1.1008,                0.51223,                 1.1596,                 1.1319,                0.52972,                 1.1642,              0.0052716,              0.0052716,              0.0052716
                    131,                0.87529,                0.50354,                0.97409,                0.97328,                0.47932,                0.98668,                0.93051,                0.84327,                0.90533,                 0.6012,                 1.1072,                0.53323,                 1.1688,                 1.1515,                0.53522,                 1.1782,              0.0052347,              0.0052347,              0.0052347
                    132,                0.87386,                0.50151,                0.97154,                0.97661,                0.47104,                0.99124,                0.93116,                0.87392,                0.90513,                0.59863,                 1.1111,                0.51777,                 1.1814,                 1.1621,                0.49507,                 1.2017,              0.0051978,              0.0051978,              0.0051978
                    133,                0.86288,                0.49327,                0.97762,                0.95497,                0.45572,                0.99571,                0.94761,                0.86777,                0.90624,                0.60116,                 1.1213,                0.51108,                 1.1803,                 1.1737,                0.47775,                 1.1969,              0.0051608,              0.0051608,              0.0051608
                    134,                0.87483,                0.50482,                0.97942,                0.96863,                0.47557,                0.99385,                 0.9707,                0.83965,                0.89945,                0.59932,                 1.1106,                0.52479,                 1.1745,                 1.1556,                0.50006,                 1.1835,              0.0051239,              0.0051239,              0.0051239
                    135,                0.88027,                0.50038,                0.98161,                0.97284,                0.46994,                 0.9999,                0.92173,                0.87244,                0.90422,                0.59586,                 1.0997,                0.51367,                 1.1743,                 1.1509,                0.48789,                 1.1771,              0.0050869,              0.0050869,              0.0050869
                    136,                0.86278,                0.49582,                0.97016,                0.95573,                0.47518,                0.98872,                0.91156,                 0.8602,                0.91038,                0.60752,                 1.0942,                    0.5,                 1.1683,                 1.1462,                0.49852,                 1.1743,                0.00505,                0.00505,                0.00505
                    137,                0.86658,                0.49517,                0.96695,                0.95586,                0.46721,                0.98857,                0.92927,                0.85862,                0.90254,                0.60933,                 1.1023,                0.51931,                 1.1697,                 1.1317,                0.51504,                 1.1727,              0.0050131,              0.0050131,              0.0050131
